module,testClass,test
zookeeper-compatibility-tests/zookeeper-compatibility-tests-curator,org.apache.zookeeper.compatibility.TestApacheCuratorCompatibility,testBasicUsageOfApisAndRecipesInCluster
zookeeper-compatibility-tests/zookeeper-compatibility-tests-curator,org.apache.zookeeper.compatibility.TestApacheCuratorCompatibility,testBasicUsageOfApisAndRecipes
zookeeper-recipes/zookeeper-recipes-queue,org.apache.zookeeper.recipes.queue.DistributedQueueTest,testOffer2
zookeeper-recipes/zookeeper-recipes-queue,org.apache.zookeeper.recipes.queue.DistributedQueueTest,testElement2
zookeeper-recipes/zookeeper-recipes-queue,org.apache.zookeeper.recipes.queue.DistributedQueueTest,testOffer1
zookeeper-recipes/zookeeper-recipes-queue,org.apache.zookeeper.recipes.queue.DistributedQueueTest,testRemove1
zookeeper-recipes/zookeeper-recipes-queue,org.apache.zookeeper.recipes.queue.DistributedQueueTest,testTakeWait2
zookeeper-recipes/zookeeper-recipes-queue,org.apache.zookeeper.recipes.queue.DistributedQueueTest,testElement3
zookeeper-recipes/zookeeper-recipes-queue,org.apache.zookeeper.recipes.queue.DistributedQueueTest,testElement4
zookeeper-recipes/zookeeper-recipes-queue,org.apache.zookeeper.recipes.queue.DistributedQueueTest,testTakeWait1
zookeeper-recipes/zookeeper-recipes-queue,org.apache.zookeeper.recipes.queue.DistributedQueueTest,testTake1
zookeeper-recipes/zookeeper-recipes-queue,org.apache.zookeeper.recipes.queue.DistributedQueueTest,testElement1
zookeeper-recipes/zookeeper-recipes-queue,org.apache.zookeeper.recipes.queue.DistributedQueueTest,testRemove2
zookeeper-recipes/zookeeper-recipes-queue,org.apache.zookeeper.recipes.queue.DistributedQueueTest,testRemove3
zookeeper-recipes/zookeeper-recipes-lock,org.apache.zookeeper.recipes.lock.WriteLockTest,testRun
zookeeper-recipes/zookeeper-recipes-election,org.apache.zookeeper.recipes.leader.LeaderElectionSupportTest,testNodes3
zookeeper-recipes/zookeeper-recipes-election,org.apache.zookeeper.recipes.leader.LeaderElectionSupportTest,testGetLeaderHostName
zookeeper-recipes/zookeeper-recipes-election,org.apache.zookeeper.recipes.leader.LeaderElectionSupportTest,testNode
zookeeper-recipes/zookeeper-recipes-election,org.apache.zookeeper.recipes.leader.LeaderElectionSupportTest,testNodes9
zookeeper-recipes/zookeeper-recipes-election,org.apache.zookeeper.recipes.leader.LeaderElectionSupportTest,testNodes100
zookeeper-recipes/zookeeper-recipes-election,org.apache.zookeeper.recipes.leader.LeaderElectionSupportTest,testOfferShuffle
zookeeper-recipes/zookeeper-recipes-election,org.apache.zookeeper.recipes.leader.LeaderElectionSupportTest,testNodes20
zookeeper-recipes/zookeeper-recipes-election,org.apache.zookeeper.recipes.leader.LeaderElectionSupportTest,testReadyOffer
zookeeper-server,org.apache.zookeeper.test.AsyncHammerTest,testHammer
zookeeper-server,org.apache.zookeeper.test.AsyncHammerTest,testObserversHammer
zookeeper-server,org.apache.zookeeper.test.ThrottledOpObserverTest,testThrottledAclObserver
zookeeper-server,org.apache.zookeeper.test.ThrottledOpObserverTest,testThrottledOpObserver
zookeeper-server,org.apache.zookeeper.common.ZKConfigTest,testBooleanRetrievalFromPropertyWithWhitespacesAtEnd
zookeeper-server,org.apache.zookeeper.common.ZKConfigTest,testBooleanRetrievalFromPropertyWithWhitespacesAtBeginningAndEnd
zookeeper-server,org.apache.zookeeper.common.ZKConfigTest,testBooleanRetrievalFromProperty
zookeeper-server,org.apache.zookeeper.common.ZKConfigTest,testBooleanRetrievalFromPropertyDefault
zookeeper-server,org.apache.zookeeper.common.ZKConfigTest,testBooleanRetrievalFromPropertyWithWhitespacesInBeginning
zookeeper-server,org.apache.zookeeper.test.ObserverHierarchicalQuorumTest,testHierarchicalQuorum
zookeeper-server,org.apache.zookeeper.server.CRCTest,testChecksums
zookeeper-server,org.apache.zookeeper.server.quorum.LearnerMetricsTest,testLearnerMetricsTest
zookeeper-server,org.apache.zookeeper.test.QuorumHammerTest,testHammerBasic
zookeeper-server,org.apache.zookeeper.test.SessionTimeoutTest,testQueueEvent
zookeeper-server,org.apache.zookeeper.test.SessionTimeoutTest,testSessionRestore
zookeeper-server,org.apache.zookeeper.test.SessionTimeoutTest,testSessionDisconnect
zookeeper-server,org.apache.zookeeper.test.SessionTimeoutTest,testSessionExpiration
zookeeper-server,org.apache.zookeeper.test.SessionTimeoutTest,testSessionSurviveServerRestart
zookeeper-server,org.apache.zookeeper.server.quorum.CurrentEpochWriteFailureTest,testReadCurrentEpochFromAcceptedEpochTmpFile
zookeeper-server,org.apache.zookeeper.server.BlueThrottleTest,testWeighedThrottling
zookeeper-server,org.apache.zookeeper.server.BlueThrottleTest,testThrottleWithRefill
zookeeper-server,org.apache.zookeeper.server.BlueThrottleTest,testThrottleWithRandomDropping
zookeeper-server,org.apache.zookeeper.server.BlueThrottleTest,testThrottling
zookeeper-server,org.apache.zookeeper.server.BlueThrottleTest,testThrottleDisabled
zookeeper-server,org.apache.zookeeper.server.BlueThrottleTest,testNoThrottling
zookeeper-server,org.apache.zookeeper.server.BlueThrottleTest,testThrottleWithoutRefill
zookeeper-server,org.apache.zookeeper.server.BlueThrottleTest,testThrottleWithoutRandomDropping
zookeeper-server,org.apache.zookeeper.server.ZxidRolloverTest,testRolloverThenRestart
zookeeper-server,org.apache.zookeeper.server.ZxidRolloverTest,testRolloverThenFollowerRestart
zookeeper-server,org.apache.zookeeper.server.ZxidRolloverTest,testSimpleRolloverFollower
zookeeper-server,org.apache.zookeeper.server.ZxidRolloverTest,testRolloverThenLeaderRestart
zookeeper-server,org.apache.zookeeper.server.ZxidRolloverTest,testMultipleRollover
zookeeper-server,org.apache.zookeeper.test.ChrootAsyncTest,testAsyncGetDataFailure_NoNode
zookeeper-server,org.apache.zookeeper.test.ChrootAsyncTest,testAsyncMultiSequential_NoSideEffect
zookeeper-server,org.apache.zookeeper.test.ChrootAsyncTest,testAsyncCreateFailure_NodeExists
zookeeper-server,org.apache.zookeeper.test.ChrootAsyncTest,testAsyncCreate2Failure_NoChildForEphemeral
zookeeper-server,org.apache.zookeeper.test.ChrootAsyncTest,testAsyncCreate
zookeeper-server,org.apache.zookeeper.test.ChrootAsyncTest,testAsyncGetACLFailure_NoNode
zookeeper-server,org.apache.zookeeper.test.ChrootAsyncTest,testAsyncMultiFailure_NoSideEffect
zookeeper-server,org.apache.zookeeper.test.ChrootAsyncTest,testAsyncCreateFailure_NoNode
zookeeper-server,org.apache.zookeeper.test.ChrootAsyncTest,testAsyncGetChildrenFailure_NoNode
zookeeper-server,org.apache.zookeeper.test.ChrootAsyncTest,testAsyncGetData
zookeeper-server,org.apache.zookeeper.test.ChrootAsyncTest,testAsyncCreateThree
zookeeper-server,org.apache.zookeeper.test.ChrootAsyncTest,testAsyncSync
zookeeper-server,org.apache.zookeeper.test.ChrootAsyncTest,testAsyncGetChildren2Empty
zookeeper-server,org.apache.zookeeper.test.ChrootAsyncTest,testAsyncGetChildrenTwo
zookeeper-server,org.apache.zookeeper.test.ChrootAsyncTest,testAsyncDeleteFailure_NotEmpty
zookeeper-server,org.apache.zookeeper.test.ChrootAsyncTest,testAsyncExistsFailure_NoNode
zookeeper-server,org.apache.zookeeper.test.ChrootAsyncTest,testAsyncGetChildrenEmpty
zookeeper-server,org.apache.zookeeper.test.ChrootAsyncTest,testAsyncSetDataFailure_BadVersion
zookeeper-server,org.apache.zookeeper.test.ChrootAsyncTest,testAsyncCreate2Failure_NodeExists
zookeeper-server,org.apache.zookeeper.test.ChrootAsyncTest,testAsyncMulti
zookeeper-server,org.apache.zookeeper.test.ChrootAsyncTest,testAsyncCreateFailure_NoChildForEphemeral
zookeeper-server,org.apache.zookeeper.test.ChrootAsyncTest,testAsyncSetDataFailure_NoNode
zookeeper-server,org.apache.zookeeper.test.ChrootAsyncTest,testAsyncCreate2Failure_NoNode
zookeeper-server,org.apache.zookeeper.test.ChrootAsyncTest,testAsyncMultiFailure_AllErrorResult
zookeeper-server,org.apache.zookeeper.test.ChrootAsyncTest,testAsyncGetChildren2Two
zookeeper-server,org.apache.zookeeper.test.ChrootAsyncTest,testAsyncGetACL
zookeeper-server,org.apache.zookeeper.test.ChrootAsyncTest,testAsyncSetACL
zookeeper-server,org.apache.zookeeper.test.ChrootAsyncTest,testAsyncGetChildren2Failure_NoNode
zookeeper-server,org.apache.zookeeper.test.ChrootAsyncTest,testAsyncExists
zookeeper-server,org.apache.zookeeper.test.ChrootAsyncTest,testAsyncSetData
zookeeper-server,org.apache.zookeeper.test.ChrootAsyncTest,testAsyncSetACLFailure_NoNode
zookeeper-server,org.apache.zookeeper.test.ChrootAsyncTest,testAsyncCreate2
zookeeper-server,org.apache.zookeeper.test.ChrootAsyncTest,testAsyncDeleteFailure_BadVersion
zookeeper-server,org.apache.zookeeper.test.ChrootAsyncTest,testAsyncDeleteFailure_NoNode
zookeeper-server,org.apache.zookeeper.test.ChrootAsyncTest,testAsyncGetChildrenSingle
zookeeper-server,org.apache.zookeeper.test.ChrootAsyncTest,testAsyncDelete
zookeeper-server,org.apache.zookeeper.test.ChrootAsyncTest,testAsyncGetChildren2Single
zookeeper-server,org.apache.zookeeper.test.ChrootAsyncTest,testAsyncSetACLFailure_BadVersion
zookeeper-server,org.apache.zookeeper.ClientCanonicalizeTest,testGetServerPrincipalReturnConfiguredPrincipalName
zookeeper-server,org.apache.zookeeper.ClientCanonicalizeTest,testClientCanonicalization
zookeeper-server,org.apache.zookeeper.ClientCanonicalizeTest,testClientNoCanonicalization
zookeeper-server,org.apache.zookeeper.ClientCanonicalizeTest,testClientCanonicalizationToIp
zookeeper-server,org.apache.zookeeper.server.quorum.EpochWriteFailureTest,testAcceptedEpochWriteFailure
zookeeper-server,org.apache.zookeeper.server.SnapshotDigestTest,testDifferentDigestVersion
zookeeper-server,org.apache.zookeeper.server.SnapshotDigestTest,testSnapshotDigest
zookeeper-server,org.apache.zookeeper.server.SnapshotDigestTest,testBackwardCompatible
zookeeper-server,org.apache.zookeeper.server.NettyServerCnxnTest,testNonMTLSRemoteConnZookKeeperServerNotReadyEarlyDropEnabled
zookeeper-server,org.apache.zookeeper.server.NettyServerCnxnTest,testSendCloseSession
zookeeper-server,org.apache.zookeeper.server.NettyServerCnxnTest,testEnableDisableThrottling_nonSecure_random
zookeeper-server,org.apache.zookeeper.server.NettyServerCnxnTest,testNonMTLSRemoteConn
zookeeper-server,org.apache.zookeeper.server.NettyServerCnxnTest,testNonMTLSLocalConn
zookeeper-server,org.apache.zookeeper.server.NettyServerCnxnTest,testMTLSRemoteConnZookKeeperServerNotReadyEarlyDropDisabled
zookeeper-server,org.apache.zookeeper.server.NettyServerCnxnTest,testEnableDisableThrottling_nonSecure_sequentially
zookeeper-server,org.apache.zookeeper.server.NettyServerCnxnTest,testServerSideThrottling
zookeeper-server,org.apache.zookeeper.server.NettyServerCnxnTest,testEnableDisableThrottling_secure_random
zookeeper-server,org.apache.zookeeper.server.NettyServerCnxnTest,testMaxConnectionPerIpSurpased
zookeeper-server,org.apache.zookeeper.server.NettyServerCnxnTest,testNonMTLSRemoteConnZookKeeperServerNotReady
zookeeper-server,org.apache.zookeeper.server.NettyServerCnxnTest,testClientResponseStatsUpdate
zookeeper-server,org.apache.zookeeper.server.NettyServerCnxnTest,testEnableDisableThrottling_secure_sequentially
zookeeper-server,org.apache.zookeeper.server.NettyServerCnxnTest,testMTLSRemoteConnZookKeeperServerNotReadyEarlyDropEnabled
zookeeper-server,org.apache.zookeeper.common.X509UtilTest,testCreateSSLServerSocketWithPort
zookeeper-server,org.apache.zookeeper.common.X509UtilTest,testCreateSSLContext_withKeyStorePasswordFromFile
zookeeper-server,org.apache.zookeeper.common.X509UtilTest,testCRLEnabled
zookeeper-server,org.apache.zookeeper.common.X509UtilTest,testCreateSSLServerSocketWithoutPort
zookeeper-server,org.apache.zookeeper.common.X509UtilTest,testClientRenegotiationFails
zookeeper-server,org.apache.zookeeper.common.X509UtilTest,testCRLDisabled
zookeeper-server,org.apache.zookeeper.common.X509UtilTest,testCreateSSLContextWithoutKeyStoreLocation
zookeeper-server,org.apache.zookeeper.common.X509UtilTest,testCreateSSLSocket
zookeeper-server,org.apache.zookeeper.common.X509UtilTest,testCreateSSLContext_invalidCustomSSLContextClass
zookeeper-server,org.apache.zookeeper.common.X509UtilTest,testCreateSSLContextWithCustomCipherSuites
zookeeper-server,org.apache.zookeeper.common.X509UtilTest,testCreateSSLContext_withWrongKeyStorePasswordFromFile
zookeeper-server,org.apache.zookeeper.common.X509UtilTest,testCreateSSLContextWithCustomProtocol
zookeeper-server,org.apache.zookeeper.common.X509UtilTest,testGetSslHandshakeDetectionTimeoutMillisProperty
zookeeper-server,org.apache.zookeeper.common.X509UtilTest,testCreateSSLContext_withTrustStorePasswordFromFile
zookeeper-server,org.apache.zookeeper.common.X509UtilTest,testCreateSSLContext_validCustomSSLContextClass
zookeeper-server,org.apache.zookeeper.common.X509UtilTest,testCreateSSLContextWithoutKeyStorePassword
zookeeper-server,org.apache.zookeeper.common.X509UtilTest,testOCSPEnabled
zookeeper-server,org.apache.zookeeper.common.X509UtilTest,testCreateSSLContextWithoutCustomProtocol
zookeeper-server,org.apache.zookeeper.common.X509UtilTest,testCreateSSLContext_withWrongTrustStorePasswordFromFile
zookeeper-server,org.apache.zookeeper.test.LeaderSessionTrackerTest,testExpiredSessionWithLocalSession
zookeeper-server,org.apache.zookeeper.test.LeaderSessionTrackerTest,testCreatePersistent
zookeeper-server,org.apache.zookeeper.test.LeaderSessionTrackerTest,testExpiredSessionWithoutLocalSession
zookeeper-server,org.apache.zookeeper.server.quorum.auth.QuorumKerberosAuthTest,testValidCredentialsWithMultiAddresses
zookeeper-server,org.apache.zookeeper.server.quorum.auth.QuorumKerberosAuthTest,testValidCredentials
zookeeper-server,org.apache.zookeeper.test.InvalidSnapshotTest,testSnapshotFormatterWithInvalidSnap
zookeeper-server,org.apache.zookeeper.test.InvalidSnapshotTest,testSnapshotFormatter
zookeeper-server,org.apache.zookeeper.test.InvalidSnapshotTest,testSnapshot
zookeeper-server,org.apache.zookeeper.test.InvalidSnapshotTest,testSnapshotFormatterWithNull
zookeeper-server,org.apache.zookeeper.test.SaslAuthFailTest,testAuthFail
zookeeper-server,org.apache.zookeeper.test.SaslAuthFailTest,testBadSaslAuthNotifiesWatch
zookeeper-server,org.apache.zookeeper.server.quorum.ReconfigFailureCasesTest,testReconfigVersionConditionFails
zookeeper-server,org.apache.zookeeper.server.quorum.ReconfigFailureCasesTest,testTooFewRemainingPariticipants
zookeeper-server,org.apache.zookeeper.server.quorum.ReconfigFailureCasesTest,testIncrementalReconfigInvokedOnHiearchicalQS
zookeeper-server,org.apache.zookeeper.server.quorum.ReconfigFailureCasesTest,testObserverToParticipantConversionFails
zookeeper-server,org.apache.zookeeper.test.SaslAuthRequiredFailWrongSASLTest,testClientOpWithFailedSASLAuth
zookeeper-server,org.apache.zookeeper.SaslAuthTest,testThreadsShutdownOnAuthFailed
zookeeper-server,org.apache.zookeeper.SaslAuthTest,testAuth
zookeeper-server,org.apache.zookeeper.SaslAuthTest,testZKOperationsAfterClientSaslAuthFailure
zookeeper-server,org.apache.zookeeper.SaslAuthTest,testInvalidSaslIds
zookeeper-server,org.apache.zookeeper.SaslAuthTest,testValidSaslIds
zookeeper-server,org.apache.zookeeper.test.SaslClientTest,testSaslClientDisabled
zookeeper-server,org.apache.zookeeper.test.RecoveryTest,testRecovery
zookeeper-server,org.apache.zookeeper.test.ThrottledOpStandaloneTest,testThrottledOp
zookeeper-server,org.apache.zookeeper.test.ThrottledOpStandaloneTest,testThrottledAcl
zookeeper-server,org.apache.zookeeper.test.LocalSessionRequestTest,testLocalSessionsOnLeader
zookeeper-server,org.apache.zookeeper.test.LocalSessionRequestTest,testLocalSessionsOnFollower
zookeeper-server,org.apache.zookeeper.test.AsyncTest,testAsync
zookeeper-server,org.apache.zookeeper.test.WatcherTest,testWatcherCount
zookeeper-server,org.apache.zookeeper.test.WatcherTest,testWatcherAutoResetDisabledWithLocal
zookeeper-server,org.apache.zookeeper.test.WatcherTest,testWatcherCorrectness
zookeeper-server,org.apache.zookeeper.test.WatcherTest,testWatcherAutoResetWithLocal
zookeeper-server,org.apache.zookeeper.test.WatcherTest,testWatchAutoResetWithPending
zookeeper-server,org.apache.zookeeper.test.WatcherTest,testWatcherAutoResetWithGlobal
zookeeper-server,org.apache.zookeeper.test.WatcherTest,testWatcherAutoResetDisabledWithGlobal
zookeeper-server,org.apache.zookeeper.test.WatcherTest,testWatcherDisconnectOnClose
zookeeper-server,org.apache.zookeeper.test.ChrootTest,testChrootSynchronous
zookeeper-server,org.apache.zookeeper.test.ChrootTest,testChrootWithZooKeeperPathWatcher
zookeeper-server,org.apache.zookeeper.ClientRequestTimeoutTest,testClientRequestTimeout
zookeeper-server,org.apache.zookeeper.test.ReconfigMisconfigTest,testReconfigFailWithoutSuperuserPasswordConfiguredOnServer
zookeeper-server,org.apache.zookeeper.test.SessionTest,testMaximumCnxnPerIP
zookeeper-server,org.apache.zookeeper.test.SessionTest,testSessionMove
zookeeper-server,org.apache.zookeeper.test.SessionTest,testSessionStateNoDupStateReporting
zookeeper-server,org.apache.zookeeper.test.SessionTest,testMinMaxSessionTimeout
zookeeper-server,org.apache.zookeeper.test.SessionTest,testSessionTimeoutAccess
zookeeper-server,org.apache.zookeeper.test.SessionTest,testSession
zookeeper-server,org.apache.zookeeper.test.MultiOperationTest,testSetData
zookeeper-server,org.apache.zookeeper.test.MultiOperationTest,testMultiGetChildrenMixedAuthenticationCorrectFirst
zookeeper-server,org.apache.zookeeper.test.MultiOperationTest,testTransactionBuilder
zookeeper-server,org.apache.zookeeper.test.MultiOperationTest,testNoWatchesTriggeredForFailedMultiRequest
zookeeper-server,org.apache.zookeeper.test.MultiOperationTest,testGetResults
zookeeper-server,org.apache.zookeeper.test.MultiOperationTest,testEmpty
zookeeper-server,org.apache.zookeeper.test.MultiOperationTest,testMultiGetData
zookeeper-server,org.apache.zookeeper.test.MultiOperationTest,testMultiRollback
zookeeper-server,org.apache.zookeeper.test.MultiOperationTest,testInvalidCreateModeFlag
zookeeper-server,org.apache.zookeeper.test.MultiOperationTest,testMultiRead
zookeeper-server,org.apache.zookeeper.test.MultiOperationTest,testChRootCheck
zookeeper-server,org.apache.zookeeper.test.MultiOperationTest,testMultiGetChildrenSameNode
zookeeper-server,org.apache.zookeeper.test.MultiOperationTest,testWatchesTriggered
zookeeper-server,org.apache.zookeeper.test.MultiOperationTest,testChRootSetData
zookeeper-server,org.apache.zookeeper.test.MultiOperationTest,testDeleteUpdateConflict
zookeeper-server,org.apache.zookeeper.test.MultiOperationTest,testInvalidPath
zookeeper-server,org.apache.zookeeper.test.MultiOperationTest,testMixedReadAndTransaction
zookeeper-server,org.apache.zookeeper.test.MultiOperationTest,testUpdateConflict
zookeeper-server,org.apache.zookeeper.test.MultiOperationTest,testCreateDelete
zookeeper-server,org.apache.zookeeper.test.MultiOperationTest,testInvalidVersion
zookeeper-server,org.apache.zookeeper.test.MultiOperationTest,testChRootTransaction
zookeeper-server,org.apache.zookeeper.test.MultiOperationTest,testBlankPath
zookeeper-server,org.apache.zookeeper.test.MultiOperationTest,testMultiGetChildrenAuthentication
zookeeper-server,org.apache.zookeeper.test.MultiOperationTest,testCreate
zookeeper-server,org.apache.zookeeper.test.MultiOperationTest,testMultiGetChildrenMixedAuthenticationErrorFirst
zookeeper-server,org.apache.zookeeper.test.MultiOperationTest,testMultiGetChildren
zookeeper-server,org.apache.zookeeper.test.MultiOperationTest,testNestedCreate
zookeeper-server,org.apache.zookeeper.test.MultiOperationTest,testChRootCreateDelete
zookeeper-server,org.apache.zookeeper.test.MultiOperationTest,testOpResultEquals
zookeeper-server,org.apache.zookeeper.test.ReconfigTest,testInitialConfigHasPositiveVersion
zookeeper-server,org.apache.zookeeper.test.ReconfigTest,testReconfigEnablemntWithRollingRestart
zookeeper-server,org.apache.zookeeper.test.ReconfigTest,testBulkReconfig
zookeeper-server,org.apache.zookeeper.test.ReconfigTest,testRoleChange
zookeeper-server,org.apache.zookeeper.test.ReconfigTest,testQuorumSystemChange
zookeeper-server,org.apache.zookeeper.test.ReconfigTest,testRemoveAddTwo
zookeeper-server,org.apache.zookeeper.test.ReconfigTest,testJMXBeanAfterRemoveAddOne
zookeeper-server,org.apache.zookeeper.test.ReconfigTest,testRemoveAddOne
zookeeper-server,org.apache.zookeeper.test.ReconfigTest,testPortChangeToBlockedPortLeader
zookeeper-server,org.apache.zookeeper.test.ReconfigTest,testJMXBeanAfterRoleChange
zookeeper-server,org.apache.zookeeper.test.ReconfigTest,testPortChangeToBlockedPortFollower
zookeeper-server,org.apache.zookeeper.test.ReconfigTest,testPortChange
zookeeper-server,org.apache.zookeeper.test.ReconfigTest,testRemoveOneAsynchronous
zookeeper-server,org.apache.zookeeper.test.ReconfigTest,testUnspecifiedClientAddress
zookeeper-server,org.apache.zookeeper.server.ConnectionMetricsTest,testNIOConnectionDropCount
zookeeper-server,org.apache.zookeeper.server.ConnectionMetricsTest,testSessionlessConnectionsExpired
zookeeper-server,org.apache.zookeeper.server.ConnectionMetricsTest,testNettyConnectionDropCount
zookeeper-server,org.apache.zookeeper.server.ConnectionMetricsTest,testStaleSessionsExpired
zookeeper-server,org.apache.zookeeper.server.ConnectionMetricsTest,testRevalidateCount
zookeeper-server,org.apache.zookeeper.ClientCnxnSocketTest,testIOExceptionIsThrownWhenPacketLenExceedsJuteMaxBuffer
zookeeper-server,org.apache.zookeeper.ClientCnxnSocketTest,testWhenInvalidJuteMaxBufferIsConfiguredIOExceptionIsThrown
zookeeper-server,org.apache.zookeeper.server.ZooKeeperServerMaxCnxnsTest,testMaxZooKeeperClientsWithNettyServerCnxnFactory
zookeeper-server,org.apache.zookeeper.server.ZooKeeperServerMaxCnxnsTest,testMaxZooKeeperClientsWithNIOServerCnxnFactory
zookeeper-server,org.apache.zookeeper.test.ClientSkipACLTest,testLargeNodeData
zookeeper-server,org.apache.zookeeper.test.ClientSkipACLTest,testDeleteWithChildren
zookeeper-server,org.apache.zookeeper.test.ClientSkipACLTest,testTryWithResources
zookeeper-server,org.apache.zookeeper.test.ClientSkipACLTest,testClientWithWatcherObj
zookeeper-server,org.apache.zookeeper.test.ClientSkipACLTest,testACLs
zookeeper-server,org.apache.zookeeper.test.ClientSkipACLTest,testPing
zookeeper-server,org.apache.zookeeper.test.ClientSkipACLTest,testClientCleanup
zookeeper-server,org.apache.zookeeper.test.ClientSkipACLTest,testClientwithoutWatcherObj
zookeeper-server,org.apache.zookeeper.test.ClientSkipACLTest,testTestability
zookeeper-server,org.apache.zookeeper.test.ClientSkipACLTest,testSequentialNodeData
zookeeper-server,org.apache.zookeeper.test.ClientSkipACLTest,testNonExistingOpCode
zookeeper-server,org.apache.zookeeper.test.ClientSkipACLTest,testMutipleWatcherObjs
zookeeper-server,org.apache.zookeeper.test.ClientSkipACLTest,testNullAuthId
zookeeper-server,org.apache.zookeeper.test.ClientSkipACLTest,testPathValidation
zookeeper-server,org.apache.zookeeper.test.ClientSkipACLTest,testCXidRollover
zookeeper-server,org.apache.zookeeper.test.ClientSkipACLTest,testSequentialNodeNames
zookeeper-server,org.apache.zookeeper.test.ClientTest,testLargeNodeData
zookeeper-server,org.apache.zookeeper.test.ClientTest,testDeleteWithChildren
zookeeper-server,org.apache.zookeeper.test.ClientTest,testTryWithResources
zookeeper-server,org.apache.zookeeper.test.ClientTest,testClientWithWatcherObj
zookeeper-server,org.apache.zookeeper.test.ClientTest,testACLs
zookeeper-server,org.apache.zookeeper.test.ClientTest,testPing
zookeeper-server,org.apache.zookeeper.test.ClientTest,testClientCleanup
zookeeper-server,org.apache.zookeeper.test.ClientTest,testClientwithoutWatcherObj
zookeeper-server,org.apache.zookeeper.test.ClientTest,testTestability
zookeeper-server,org.apache.zookeeper.test.ClientTest,testSequentialNodeData
zookeeper-server,org.apache.zookeeper.test.ClientTest,testNonExistingOpCode
zookeeper-server,org.apache.zookeeper.test.ClientTest,testMutipleWatcherObjs
zookeeper-server,org.apache.zookeeper.test.ClientTest,testNullAuthId
zookeeper-server,org.apache.zookeeper.test.ClientTest,testPathValidation
zookeeper-server,org.apache.zookeeper.test.ClientTest,testCXidRollover
zookeeper-server,org.apache.zookeeper.test.ClientTest,testSequentialNodeNames
zookeeper-server,org.apache.zookeeper.test.DuplicateLocalSessionUpgradeTest,testLocalSessionUpgradeOnLeader
zookeeper-server,org.apache.zookeeper.test.DuplicateLocalSessionUpgradeTest,testLocalSessionUpgradeOnFollower
zookeeper-server,org.apache.zookeeper.test.ReconfigExceptionTest,testReconfigFailWithoutAuth
zookeeper-server,org.apache.zookeeper.test.ReconfigExceptionTest,testReconfigFailWithAuthWithNoACL
zookeeper-server,org.apache.zookeeper.test.ReconfigExceptionTest,testReconfigEnabledWithSuperUser
zookeeper-server,org.apache.zookeeper.test.ReconfigExceptionTest,testReconfigEnabledWithAuthAndWrongACL
zookeeper-server,org.apache.zookeeper.test.ReconfigExceptionTest,testReconfigEnabledWithAuthAndACL
zookeeper-server,org.apache.zookeeper.test.ReconfigExceptionTest,testReconfigDisabled
zookeeper-server,org.apache.zookeeper.test.CreateTest,testCreateWithStat
zookeeper-server,org.apache.zookeeper.test.CreateTest,testCreateWithNullStat
zookeeper-server,org.apache.zookeeper.test.CreateTest,testCreate
zookeeper-server,org.apache.zookeeper.test.SaslAuthDesignatedServerTest,testAuth
zookeeper-server,org.apache.zookeeper.server.MultiOpSessionUpgradeTest,directCheckUpgradeSessionTest
zookeeper-server,org.apache.zookeeper.server.MultiOpSessionUpgradeTest,ephemeralCreateMultiOpTest
zookeeper-server,org.apache.zookeeper.test.RepeatStartupTest,testFail
zookeeper-server,org.apache.zookeeper.RemoveWatchesCmdTest,testRemoveWatchesWithNoPassedOptions
zookeeper-server,org.apache.zookeeper.RemoveWatchesCmdTest,testRemoveNodeCreatedWatches
zookeeper-server,org.apache.zookeeper.RemoveWatchesCmdTest,testRemoveAnyWatches
zookeeper-server,org.apache.zookeeper.RemoveWatchesCmdTest,testRemoveNodeDataChangedWatches
zookeeper-server,org.apache.zookeeper.RemoveWatchesCmdTest,testRemoveNodeDeletedWatches
zookeeper-server,org.apache.zookeeper.RemoveWatchesCmdTest,testRemoveNodeChildrenChangedWatches
zookeeper-server,org.apache.zookeeper.RemoveWatchesCmdTest,testRemoveWatchesLocallyWhenNoServerConnection
zookeeper-server,org.apache.zookeeper.test.StandaloneTest,testNoDynamicConfig
zookeeper-server,org.apache.zookeeper.test.StandaloneTest,testStandaloneReconfigFails
zookeeper-server,org.apache.zookeeper.test.StandaloneTest,testClientPortInDynamicFile
zookeeper-server,org.apache.zookeeper.test.StandaloneTest,testClientPortInStaticFile
zookeeper-server,org.apache.zookeeper.test.ACLTest,testNullACL
zookeeper-server,org.apache.zookeeper.test.ACLTest,testNullValueACL
zookeeper-server,org.apache.zookeeper.test.ACLTest,testDisconnectedAddAuth
zookeeper-server,org.apache.zookeeper.test.ACLTest,testNettyIpAuthDefault
zookeeper-server,org.apache.zookeeper.test.ACLTest,testAcls
zookeeper-server,org.apache.zookeeper.test.ACLTest,testIPAuthenticationIsValidCIDR
zookeeper-server,org.apache.zookeeper.test.ClientHammerTest,testHammerSuper
zookeeper-server,org.apache.zookeeper.test.ClientHammerTest,testHammerBasic
zookeeper-server,org.apache.zookeeper.test.WatcherFuncTest,testGetChildrenSyncWObj
zookeeper-server,org.apache.zookeeper.test.WatcherFuncTest,testExistsSyncWObj
zookeeper-server,org.apache.zookeeper.test.WatcherFuncTest,testGetDataSync
zookeeper-server,org.apache.zookeeper.test.WatcherFuncTest,testGetDataSyncWObj
zookeeper-server,org.apache.zookeeper.test.WatcherFuncTest,testExistsSync
zookeeper-server,org.apache.zookeeper.test.WatcherFuncTest,testGetChildrenSync
zookeeper-server,org.apache.zookeeper.test.SaslAuthMissingClientConfigTest,testAuth
zookeeper-server,org.apache.zookeeper.server.persistence.FileTxnLogTest,testGetCurrentLogSize
zookeeper-server,org.apache.zookeeper.server.persistence.FileTxnLogTest,testLogSizeLimit
zookeeper-server,org.apache.zookeeper.server.persistence.FileTxnLogTest,testFileSizeGreaterThanPosition
zookeeper-server,org.apache.zookeeper.server.persistence.FileTxnLogTest,testInvalidPreallocSize
zookeeper-server,org.apache.zookeeper.server.persistence.FileTxnLogTest,testPreAllocSizeSmallerThanTxnData
zookeeper-server,org.apache.zookeeper.server.persistence.FileTxnLogTest,testSetPreallocSize
zookeeper-server,org.apache.zookeeper.server.persistence.FileTxnLogTest,testCalculateFileSizeWithPaddingWhenNotToCurrentSize
zookeeper-server,org.apache.zookeeper.server.persistence.FileTxnLogTest,testCalculateFileSizeWithPaddingWhenCloseToCurrentSize
zookeeper-server,org.apache.zookeeper.test.SaslSuperUserTest,testSuperIsSuper
zookeeper-server,org.apache.zookeeper.test.SaslSuperUserTest,testOtherSuperIsSuper
zookeeper-server,org.apache.zookeeper.test.GetChildren2Test,testChildren
zookeeper-server,org.apache.zookeeper.test.GetChildren2Test,testChild
zookeeper-server,org.apache.zookeeper.test.MultiAsyncTransactionTest,testSequentialNodeCreateInAsyncMulti
zookeeper-server,org.apache.zookeeper.server.TxnLogDigestTest,testTxnMissing
zookeeper-server,org.apache.zookeeper.server.TxnLogDigestTest,checkTxnCompatibleWithAndWithoutDigest
zookeeper-server,org.apache.zookeeper.server.TxnLogDigestTest,digestFromTxnLogsMatchesTree
zookeeper-server,org.apache.zookeeper.test.QuorumTest,testSessionMoved
zookeeper-server,org.apache.zookeeper.test.QuorumTest,testDeleteWithChildren
zookeeper-server,org.apache.zookeeper.test.QuorumTest,testClientWithWatcherObj
zookeeper-server,org.apache.zookeeper.test.QuorumTest,testACLs
zookeeper-server,org.apache.zookeeper.test.QuorumTest,testPing
zookeeper-server,org.apache.zookeeper.test.QuorumTest,testClientwithoutWatcherObj
zookeeper-server,org.apache.zookeeper.test.QuorumTest,testSessionMove
zookeeper-server,org.apache.zookeeper.test.QuorumTest,testSessionMovedWithMultiOp
zookeeper-server,org.apache.zookeeper.test.QuorumTest,testGetView
zookeeper-server,org.apache.zookeeper.test.QuorumTest,testMultipleWatcherObjs
zookeeper-server,org.apache.zookeeper.test.QuorumTest,testLeaderShutdown
zookeeper-server,org.apache.zookeeper.test.QuorumTest,testMultiToFollower
zookeeper-server,org.apache.zookeeper.test.QuorumTest,testFollowersStartAfterLeader
zookeeper-server,org.apache.zookeeper.test.QuorumTest,testViewContains
zookeeper-server,org.apache.zookeeper.test.QuorumTest,testSequentialNodeNames
zookeeper-server,org.apache.zookeeper.server.PrepRequestProcessorMetricsTest,testOutstandingChangesRemoved
zookeeper-server,org.apache.zookeeper.server.PrepRequestProcessorMetricsTest,testPrepRequestProcessorMetrics
zookeeper-server,org.apache.zookeeper.test.ClientSSLTest,testClientServerUnifiedPortWithCnxnClassName
zookeeper-server,org.apache.zookeeper.test.ClientSSLTest,testClientServerUnifiedPort
zookeeper-server,org.apache.zookeeper.test.ClientSSLTest,testSecureStandaloneServer
zookeeper-server,org.apache.zookeeper.test.ClientSSLTest,testSecureStandaloneServerAuthFail
zookeeper-server,org.apache.zookeeper.test.ClientSSLTest,testClientServerSSLWithCnxnClassName
zookeeper-server,org.apache.zookeeper.test.ClientSSLTest,testClientServerSSL
zookeeper-server,org.apache.zookeeper.test.ClientSSLTest,testClientServerSSL_withPasswordFromFile
zookeeper-server,org.apache.zookeeper.test.EnforceQuotaTest,testSetQuotaDisableWhenExceedBytesHardQuota
zookeeper-server,org.apache.zookeeper.test.EnforceQuotaTest,testSetQuotaDisableWhenExceedCountHardQuota
zookeeper-server,org.apache.zookeeper.GetEphemeralsTest,testGetEphemeralsByPath
zookeeper-server,org.apache.zookeeper.GetEphemeralsTest,testGetEphemeralsSync
zookeeper-server,org.apache.zookeeper.GetEphemeralsTest,testGetEphemeralsEmpty
zookeeper-server,org.apache.zookeeper.GetEphemeralsTest,testGetEphemeralsSyncByPath
zookeeper-server,org.apache.zookeeper.GetEphemeralsTest,testGetEphemerals
zookeeper-server,org.apache.zookeeper.GetEphemeralsTest,testGetEphemeralsErrors
zookeeper-server,org.apache.zookeeper.test.FollowerResyncConcurrencyTest,testLaggingFollowerResyncsUnderNewEpoch
zookeeper-server,org.apache.zookeeper.test.FollowerResyncConcurrencyTest,testResyncByDiffAfterFollowerCrashes
zookeeper-server,org.apache.zookeeper.test.FollowerResyncConcurrencyTest,testResyncBySnapThenDiffAfterFollowerCrashes
zookeeper-server,org.apache.zookeeper.test.FollowerResyncConcurrencyTest,testFollowerSendsLastZxid
zookeeper-server,org.apache.zookeeper.test.FollowerResyncConcurrencyTest,testFollowerWatcherResync
zookeeper-server,org.apache.zookeeper.test.FollowerResyncConcurrencyTest,testResyncByTxnlogThenDiffAfterFollowerCrashes
zookeeper-server,org.apache.zookeeper.server.quorum.auth.QuorumKerberosHostBasedAuthTest,testConnectBadServer
zookeeper-server,org.apache.zookeeper.server.quorum.auth.QuorumKerberosHostBasedAuthTest,testValidCredentialsWithMultiAddresses
zookeeper-server,org.apache.zookeeper.server.quorum.auth.QuorumKerberosHostBasedAuthTest,testValidCredentials
zookeeper-server,org.apache.zookeeper.test.ClientPortBindTest,testBindByAddress
zookeeper-server,org.apache.zookeeper.server.CreateTTLTest,testCreateSequential
zookeeper-server,org.apache.zookeeper.server.CreateTTLTest,testBadUsage
zookeeper-server,org.apache.zookeeper.server.CreateTTLTest,testCreate
zookeeper-server,org.apache.zookeeper.server.CreateTTLTest,testDisabled
zookeeper-server,org.apache.zookeeper.server.CreateTTLTest,testMulti
zookeeper-server,org.apache.zookeeper.server.CreateTTLTest,testBadTTLs
zookeeper-server,org.apache.zookeeper.server.CreateTTLTest,testMaxTTLs
zookeeper-server,org.apache.zookeeper.server.CreateTTLTest,testModifying
zookeeper-server,org.apache.zookeeper.server.CreateTTLTest,testCreateAsync
zookeeper-server,org.apache.zookeeper.server.quorum.CloseSessionTxnTest,testCloseSessionTxnCompatile
zookeeper-server,org.apache.zookeeper.test.KeyAuthClientTest,testAuth
zookeeper-server,org.apache.zookeeper.test.DisconnectedWatcherTest,testDefaultWatcherAutoResetWithChroot
zookeeper-server,org.apache.zookeeper.test.DisconnectedWatcherTest,testDeepChildWatcherAutoResetWithChroot
zookeeper-server,org.apache.zookeeper.test.DisconnectedWatcherTest,testManyChildWatchersAutoReset
zookeeper-server,org.apache.zookeeper.test.DisconnectedWatcherTest,testChildWatcherAutoResetWithChroot
zookeeper-server,org.apache.zookeeper.server.quorum.FuzzySnapshotRelatedTest,testPZxidUpdatedWhenLoadingSnapshot
zookeeper-server,org.apache.zookeeper.server.quorum.FuzzySnapshotRelatedTest,testMultiOpConsistency
zookeeper-server,org.apache.zookeeper.server.quorum.FuzzySnapshotRelatedTest,testMultiOpDigestConsistentDuringSnapshot
zookeeper-server,org.apache.zookeeper.server.quorum.FuzzySnapshotRelatedTest,testPZxidUpdatedDuringSnapSyncing
zookeeper-server,org.apache.zookeeper.server.quorum.FuzzySnapshotRelatedTest,testGlobalSessionConsistency
zookeeper-server,org.apache.zookeeper.server.quorum.ReconfigLegacyTest,testRestartZooKeeperServer
zookeeper-server,org.apache.zookeeper.server.quorum.ReconfigLegacyTest,testConfigFileBackwardCompatibility
zookeeper-server,org.apache.zookeeper.server.quorum.ReconfigLegacyTest,testReconfigRemoveClientFromStatic
zookeeper-server,org.apache.zookeeper.test.LoadFromLogTest,testRestore
zookeeper-server,org.apache.zookeeper.test.LoadFromLogTest,testDatadirAutocreate
zookeeper-server,org.apache.zookeeper.test.LoadFromLogTest,testReloadSnapshotWithMissingParent
zookeeper-server,org.apache.zookeeper.test.LoadFromLogTest,testRestoreWithTransactionErrors
zookeeper-server,org.apache.zookeeper.test.LoadFromLogTest,testLoadFailure
zookeeper-server,org.apache.zookeeper.test.LoadFromLogTest,testLoad
zookeeper-server,org.apache.zookeeper.test.FourLetterWordsQuorumTest,testFourLetterWords
zookeeper-server,org.apache.zookeeper.server.quorum.DIFFSyncConsistencyTest,testInconsistentDueToUncommittedLog
zookeeper-server,org.apache.zookeeper.test.BufferSizeTest,testStartup
zookeeper-server,org.apache.zookeeper.test.BufferSizeTest,testStartupFailureSnapshot
zookeeper-server,org.apache.zookeeper.test.BufferSizeTest,testStartupFailureCreate
zookeeper-server,org.apache.zookeeper.test.BufferSizeTest,testSetReqs
zookeeper-server,org.apache.zookeeper.test.BufferSizeTest,testStartupFailureSet
zookeeper-server,org.apache.zookeeper.test.BufferSizeTest,testCreatesReqs
zookeeper-server,org.apache.zookeeper.test.ReadOnlyModeTest,testReadOnlyClient
zookeeper-server,org.apache.zookeeper.test.ReadOnlyModeTest,testConnectionEvents
zookeeper-server,org.apache.zookeeper.test.ReadOnlyModeTest,testSeekForRwServer
zookeeper-server,org.apache.zookeeper.test.ReadOnlyModeTest,testGlobalSessionInRO
zookeeper-server,org.apache.zookeeper.test.ReadOnlyModeTest,testSessionEstablishment
zookeeper-server,org.apache.zookeeper.test.ReadOnlyModeTest,testMultiTransaction
zookeeper-server,org.apache.zookeeper.test.SaslAuthRequiredFailNoSASLTest,testClientOpWithoutSASLConfigured
zookeeper-server,org.apache.zookeeper.ZooKeeperTest,testSetData
zookeeper-server,org.apache.zookeeper.ZooKeeperTest,testCreateSequentialCommandWithoutPath
zookeeper-server,org.apache.zookeeper.ZooKeeperTest,testCheckInvalidAcls
zookeeper-server,org.apache.zookeeper.ZooKeeperTest,testWaitForConnection
zookeeper-server,org.apache.zookeeper.ZooKeeperTest,testNonexistantCommand
zookeeper-server,org.apache.zookeeper.ZooKeeperTest,testLsrCommand
zookeeper-server,org.apache.zookeeper.ZooKeeperTest,testCreateEphemeralSequentialCommandWithoutPath
zookeeper-server,org.apache.zookeeper.ZooKeeperTest,testWhoAmIAPI
zookeeper-server,org.apache.zookeeper.ZooKeeperTest,testParseWithMultipleQuotes
zookeeper-server,org.apache.zookeeper.ZooKeeperTest,testSyncCommand
zookeeper-server,org.apache.zookeeper.ZooKeeperTest,testInsufficientPermission
zookeeper-server,org.apache.zookeeper.ZooKeeperTest,testDeleteRecursiveAsync
zookeeper-server,org.apache.zookeeper.ZooKeeperTest,testKeeperExceptionCreateNPE
zookeeper-server,org.apache.zookeeper.ZooKeeperTest,testParseWithMixedQuotes
zookeeper-server,org.apache.zookeeper.ZooKeeperTest,testACLWithExtraAgruments
zookeeper-server,org.apache.zookeeper.ZooKeeperTest,testDelete
zookeeper-server,org.apache.zookeeper.ZooKeeperTest,testDeleteWithInvalidVersionNo
zookeeper-server,org.apache.zookeeper.ZooKeeperTest,testCreateCommandWithoutPath
zookeeper-server,org.apache.zookeeper.ZooKeeperTest,testDeleteRecursiveFail
zookeeper-server,org.apache.zookeeper.ZooKeeperTest,testLsrRootCommand
zookeeper-server,org.apache.zookeeper.ZooKeeperTest,testSortedLs
zookeeper-server,org.apache.zookeeper.ZooKeeperTest,testParseWithQuotes
zookeeper-server,org.apache.zookeeper.ZooKeeperTest,testParseWithEmptyQuotes
zookeeper-server,org.apache.zookeeper.ZooKeeperTest,testStatCommand
zookeeper-server,org.apache.zookeeper.ZooKeeperTest,testCreateEphemeralCommandWithoutPath
zookeeper-server,org.apache.zookeeper.ZooKeeperTest,testCreatePersistentNode
zookeeper-server,org.apache.zookeeper.ZooKeeperTest,testDeleteRecursive
zookeeper-server,org.apache.zookeeper.ZooKeeperTest,testClientReconnectWithZKClientConfig
zookeeper-server,org.apache.zookeeper.ZooKeeperTest,testLsrLeafCommand
zookeeper-server,org.apache.zookeeper.ZooKeeperTest,testParseWithExtraSpaces
zookeeper-server,org.apache.zookeeper.ZooKeeperTest,testDeleteRecursiveCli
zookeeper-server,org.apache.zookeeper.ZooKeeperTest,testRedoWithNegativeCmdNumber
zookeeper-server,org.apache.zookeeper.ZooKeeperTest,testWhoAmICLICommand
zookeeper-server,org.apache.zookeeper.ZooKeeperTest,testCreateNodeWithoutData
zookeeper-server,org.apache.zookeeper.ZooKeeperTest,testInvalidStatCommand
zookeeper-server,org.apache.zookeeper.ZooKeeperTest,testCliCommandsNotEchoingUsage
zookeeper-server,org.apache.zookeeper.ZooKeeperTest,testLsrNonexistantZnodeCommand
zookeeper-server,org.apache.zookeeper.ZooKeeperTest,testInvalidWatcherRegistration
zookeeper-server,org.apache.zookeeper.ZooKeeperTest,testSetAclRecursive
zookeeper-server,org.apache.zookeeper.ZooKeeperTest,testStatWhenPathDoesNotExist
zookeeper-server,org.apache.zookeeper.ZooKeeperTest,testDeleteNonexistantNode
zookeeper-server,org.apache.zookeeper.test.SaslDigestAuthOverSSLTest,testAuth
zookeeper-server,org.apache.zookeeper.test.SSLAuthTest,testMisconfiguration
zookeeper-server,org.apache.zookeeper.test.SSLAuthTest,testRejection
zookeeper-server,org.apache.zookeeper.server.quorum.SessionUpgradeQuorumTest,testCloseSessionWhileUpgradeOnLeader
zookeeper-server,org.apache.zookeeper.server.quorum.SessionUpgradeQuorumTest,testOnlyUpgradeSessionOnce
zookeeper-server,org.apache.zookeeper.server.quorum.SessionUpgradeQuorumTest,testLocalSessionUpgradeSnapshot
zookeeper-server,org.apache.zookeeper.server.quorum.SessionUpgradeQuorumTest,testCloseSessionWhileUpgradeOnLearner
zookeeper-server,org.apache.zookeeper.test.SaslKerberosAuthOverSSLTest,testAuth
zookeeper-server,org.apache.zookeeper.test.SaslAuthRequiredTest,testClientOpWithValidSASLAuth
zookeeper-server,org.apache.zookeeper.server.persistence.FileTxnSnapLogMetricsTest,testFileTxnSnapLogMetrics
zookeeper-server,org.apache.zookeeper.test.ACLRootTest,testRootAcl
zookeeper-server,org.apache.zookeeper.test.EnsembleAuthTest,emptyAuth
zookeeper-server,org.apache.zookeeper.test.EnsembleAuthTest,passAuthCSV
zookeeper-server,org.apache.zookeeper.test.EnsembleAuthTest,passAuth
zookeeper-server,org.apache.zookeeper.test.EnsembleAuthTest,skipAuth
zookeeper-server,org.apache.zookeeper.test.EnsembleAuthTest,failAuth
zookeeper-server,org.apache.zookeeper.test.EnsembleAuthTest,noAuth
zookeeper-server,org.apache.zookeeper.test.EnsembleAuthTest,removeEnsembleAuthProvider
zookeeper-server,org.apache.zookeeper.audit.StandaloneServerAuditTest,testCreateAuditLog
zookeeper-server,org.apache.zookeeper.server.quorum.StandaloneDisabledTest,startObserver
zookeeper-server,org.apache.zookeeper.server.quorum.StandaloneDisabledTest,startSingleServerTest
zookeeper-server,org.apache.zookeeper.server.quorum.ReconfigRecoveryTest,testNextConfigUnreachable
zookeeper-server,org.apache.zookeeper.server.quorum.ReconfigRecoveryTest,testCurrentObserverIsParticipantInNewConfig
zookeeper-server,org.apache.zookeeper.server.quorum.ReconfigRecoveryTest,testCurrentServersAreObserversInNextConfig
zookeeper-server,org.apache.zookeeper.server.quorum.ReconfigRecoveryTest,testObserverConvertedToParticipantDuringFLE
zookeeper-server,org.apache.zookeeper.server.quorum.ReconfigRecoveryTest,testNextConfigAlreadyActive
zookeeper-server,org.apache.zookeeper.server.quorum.ReconfigRecoveryTest,testNextConfigCompletion
zookeeper-server,org.apache.zookeeper.test.RestoreCommittedLogTest,testRestoreCommittedLogWithSnapCount
zookeeper-server,org.apache.zookeeper.test.RestoreCommittedLogTest,testRestoreCommittedLogWithSnapSize
zookeeper-server,org.apache.zookeeper.test.EmptiedSnapshotRecoveryTest,testRestoreWithEmptySnapFiles
zookeeper-server,org.apache.zookeeper.test.EmptiedSnapshotRecoveryTest,testRestoreWithTrustedEmptySnapFiles
zookeeper-server,org.apache.zookeeper.test.EmptiedSnapshotRecoveryTest,testRestoreWithNoSnapFiles
zookeeper-server,org.apache.zookeeper.test.EmptiedSnapshotRecoveryTest,testRestoreWithTrustedEmptySnapFilesWhenFollowing
zookeeper-server,org.apache.zookeeper.server.NIOServerCnxnTest,testClientResponseStatsUpdate
zookeeper-server,org.apache.zookeeper.server.NIOServerCnxnTest,testOperationsAfterCnxnClose
zookeeper-server,org.apache.zookeeper.test.AuthTest,testSuperACL
zookeeper-server,org.apache.zookeeper.test.AuthTest,testOrdinaryACL
zookeeper-server,org.apache.zookeeper.test.AuthTest,testBadAuthThenSendOtherCommands
zookeeper-server,org.apache.zookeeper.test.AuthTest,testDigest
zookeeper-server,org.apache.zookeeper.test.AuthTest,testBadAuthNotifiesWatch
zookeeper-server,org.apache.zookeeper.test.AuthTest,testGenerateDigest
zookeeper-server,org.apache.zookeeper.test.AuthTest,testSuper
zookeeper-server,org.apache.zookeeper.test.DigestAuthDisabledTest,testDigestAuthDisabledTriggersAuthFailed
zookeeper-server,org.apache.zookeeper.CustomHostProviderTest,testZooKeeperWithCustomHostProvider
zookeeper-server,org.apache.zookeeper.server.embedded.ZookeeperServerSslEmbeddedTest,testStart
zookeeper-server,org.apache.zookeeper.server.quorum.EphemeralNodeDeletionTest,testEphemeralNodeDeletion
zookeeper-server,org.apache.zookeeper.test.PersistentWatcherTest,testDefaultWatcher
zookeeper-server,org.apache.zookeeper.test.PersistentWatcherTest,testMultiClient
zookeeper-server,org.apache.zookeeper.test.PersistentWatcherTest,testBasic
zookeeper-server,org.apache.zookeeper.test.PersistentWatcherTest,testBasicAsync
zookeeper-server,org.apache.zookeeper.test.PersistentWatcherTest,testRemoval
zookeeper-server,org.apache.zookeeper.test.PersistentWatcherTest,testRootWatcher
zookeeper-server,org.apache.zookeeper.test.PersistentWatcherTest,testDisconnect
zookeeper-server,org.apache.zookeeper.test.PersistentWatcherTest,testNullWatch
zookeeper-server,org.apache.zookeeper.test.PersistentWatcherTest,testAsyncDefaultWatcher
zookeeper-server,org.apache.zookeeper.test.AuthSHA2Test,testSuperACL
zookeeper-server,org.apache.zookeeper.test.AuthSHA2Test,testOrdinaryACL
zookeeper-server,org.apache.zookeeper.test.AuthSHA2Test,testBadAuthThenSendOtherCommands
zookeeper-server,org.apache.zookeeper.test.AuthSHA2Test,testDigest
zookeeper-server,org.apache.zookeeper.test.AuthSHA2Test,testBadAuthNotifiesWatch
zookeeper-server,org.apache.zookeeper.test.AuthSHA2Test,testGenerateDigest
zookeeper-server,org.apache.zookeeper.test.AuthSHA2Test,testSuper
zookeeper-server,org.apache.zookeeper.test.StatTest,testBasic
zookeeper-server,org.apache.zookeeper.test.StatTest,testChildren
zookeeper-server,org.apache.zookeeper.test.StatTest,testChild
zookeeper-server,org.apache.zookeeper.test.StatTest,testDataSizeChange
zookeeper-server,org.apache.zookeeper.test.SaslAuthFailDesignatedClientTest,testAuth
zookeeper-server,org.apache.zookeeper.server.quorum.ReconfigDuringLeaderSyncTest,testDuringLeaderSync
zookeeper-server,org.apache.zookeeper.server.ZooKeeperServerStartupTest,testClientConnectionRequestDuringStartupWithNIOServerCnxn
zookeeper-server,org.apache.zookeeper.server.ZooKeeperServerStartupTest,testFourLetterWords
zookeeper-server,org.apache.zookeeper.server.ZooKeeperServerStartupTest,testClientConnectionRequestDuringStartupWithNettyServerCnxn
zookeeper-server,org.apache.zookeeper.server.quorum.FollowerRequestProcessorTest,testFollowerRequestProcessorSendsLearnerRequestToNextProcessor
zookeeper-server,org.apache.zookeeper.server.quorum.FollowerRequestProcessorTest,testFollowerRequestProcessorSkipsLearnerRequestToNextProcessor
zookeeper-server,org.apache.zookeeper.test.ZooKeeperQuotaTest,testDeleteCountQuota
zookeeper-server,org.apache.zookeeper.test.ZooKeeperQuotaTest,testSetQuotaWhenExceedCountSoftQuota
zookeeper-server,org.apache.zookeeper.test.ZooKeeperQuotaTest,testSetQuotaWhenExceedBytesHardQuota
zookeeper-server,org.apache.zookeeper.test.ZooKeeperQuotaTest,testDeleteBytesQuota
zookeeper-server,org.apache.zookeeper.test.ZooKeeperQuotaTest,testSetQuotaWhenExceedBytesHardQuotaExtend
zookeeper-server,org.apache.zookeeper.test.ZooKeeperQuotaTest,testMultiCreateThenSetDataShouldWork
zookeeper-server,org.apache.zookeeper.test.ZooKeeperQuotaTest,testSetQuotaWhenSetQuotaLessThanExistBytes
zookeeper-server,org.apache.zookeeper.test.ZooKeeperQuotaTest,testQuota
zookeeper-server,org.apache.zookeeper.test.ZooKeeperQuotaTest,testSetQuotaWhenSetQuotaLessThanExistCount
zookeeper-server,org.apache.zookeeper.test.ZooKeeperQuotaTest,testListQuota
zookeeper-server,org.apache.zookeeper.test.ZooKeeperQuotaTest,testSetQuotaWhenExceedCountHardQuota
zookeeper-server,org.apache.zookeeper.test.ZooKeeperQuotaTest,testSetQuotaWhenSetChildDataExceedBytesQuota
zookeeper-server,org.apache.zookeeper.test.ZooKeeperQuotaTest,testSetQuotaWhenExceedBytesSoftQuota
zookeeper-server,org.apache.zookeeper.test.ZooKeeperQuotaTest,testSetQuotaWhenCreateNodeExceedBytesQuota
zookeeper-server,org.apache.zookeeper.test.ZooKeeperQuotaTest,testSetQuotaWhenSetQuotaOnParentOrChildPath
zookeeper-server,org.apache.zookeeper.test.ZooKeeperQuotaTest,testSetQuotaWhenExceedBothBytesAndCountHardQuota
zookeeper-server,org.apache.zookeeper.test.ZooKeeperQuotaTest,testSetQuota
zookeeper-server,org.apache.zookeeper.test.ZooKeeperQuotaTest,testSetQuotaWhenExceedCountHardQuotaExtend
zookeeper-server,org.apache.zookeeper.test.ZooKeeperQuotaTest,testMultiCreateThenSetDataShouldFail
zookeeper-server,org.apache.zookeeper.server.CreateContainerTest,testSimpleDeletion
zookeeper-server,org.apache.zookeeper.server.CreateContainerTest,testCreate
zookeeper-server,org.apache.zookeeper.server.CreateContainerTest,testMultiWithContainer
zookeeper-server,org.apache.zookeeper.server.CreateContainerTest,testCreateWithNullStat
zookeeper-server,org.apache.zookeeper.server.CreateContainerTest,testCreateWithStat
zookeeper-server,org.apache.zookeeper.server.CreateContainerTest,testMultiWithContainerSimple
zookeeper-server,org.apache.zookeeper.server.CreateContainerTest,testMaxPerMinute
zookeeper-server,org.apache.zookeeper.server.CreateContainerTest,testMaxNeverUsedInterval
zookeeper-server,org.apache.zookeeper.server.CreateContainerTest,testCascadingDeletion
zookeeper-server,org.apache.zookeeper.server.CreateContainerTest,testSimpleDeletionAsync
zookeeper-server,org.apache.zookeeper.server.CreateContainerTest,testFalseEmpty
zookeeper-server,org.apache.zookeeper.server.CreateContainerTest,testZeroMaxNeverUsedInterval
zookeeper-server,org.apache.zookeeper.test.ObserverQuorumHammerTest,testHammerBasic
zookeeper-server,org.apache.zookeeper.server.quorum.QuorumRequestPipelineTest,testCreate2
zookeeper-server,org.apache.zookeeper.server.quorum.QuorumRequestPipelineTest,testCreate
zookeeper-server,org.apache.zookeeper.server.quorum.QuorumRequestPipelineTest,testSetAndGetData
zookeeper-server,org.apache.zookeeper.server.quorum.QuorumRequestPipelineTest,testSetAndGetChildren
zookeeper-server,org.apache.zookeeper.server.quorum.QuorumRequestPipelineTest,testSetAndGetACL
zookeeper-server,org.apache.zookeeper.server.quorum.QuorumRequestPipelineTest,testDelete
zookeeper-server,org.apache.zookeeper.server.quorum.QuorumRequestPipelineTest,testSync
zookeeper-server,org.apache.zookeeper.server.quorum.QuorumRequestPipelineTest,testExists
zookeeper-server,org.apache.zookeeper.server.quorum.QuorumRequestPipelineTest,testSetAndGetChildren2
zookeeper-server,org.apache.zookeeper.test.ZkDatabaseCorruptionTest,testCorruption
zookeeper-server,org.apache.zookeeper.test.ZkDatabaseCorruptionTest,testAbsentRecentSnapshot
zookeeper-server,org.apache.zookeeper.test.SyncCallTest,testSync
zookeeper-server,org.apache.zookeeper.test.ThrottledOpQuorumTest,testThrottledOpFollower
zookeeper-server,org.apache.zookeeper.test.ThrottledOpQuorumTest,testThrottledAclFollower
zookeeper-server,org.apache.zookeeper.test.ThrottledOpQuorumTest,testThrottledAclLeader
zookeeper-server,org.apache.zookeeper.test.ThrottledOpQuorumTest,testThrottledOpLeader
zookeeper-server,org.apache.zookeeper.test.ObserverMasterTest,testRevalidation
zookeeper-server,org.apache.zookeeper.test.ObserverMasterTest,testDynamicReconfig
zookeeper-server,org.apache.zookeeper.test.ObserverMasterTest,testObserver
zookeeper-server,org.apache.zookeeper.test.ObserverMasterTest,testAdminCommands
zookeeper-server,org.apache.zookeeper.test.ObserverMasterTest,testInOrderCommits
zookeeper-server,org.apache.zookeeper.server.quorum.QuorumPeerMainMultiAddressTest,shouldReconfigNonIncrementally
zookeeper-server,org.apache.zookeeper.server.quorum.QuorumPeerMainMultiAddressTest,shouldReconfigIncrementallyByAddingMoreAddresses
zookeeper-server,org.apache.zookeeper.server.quorum.QuorumPeerMainMultiAddressTest,shouldFailToReconfigWithMultipleAddressesWhenFeatureIsDisabled
zookeeper-server,org.apache.zookeeper.server.quorum.QuorumPeerMainMultiAddressTest,shouldStartClusterWithMultipleAddresses_IPv6
zookeeper-server,org.apache.zookeeper.server.quorum.QuorumPeerMainMultiAddressTest,shouldReconfigIncrementally_IPv6
zookeeper-server,org.apache.zookeeper.server.quorum.QuorumPeerMainMultiAddressTest,shouldStartClusterWhenSomeAddressesAreUnreachable
zookeeper-server,org.apache.zookeeper.server.quorum.QuorumPeerMainMultiAddressTest,shouldReconfigIncrementallyByDeletingSomeAddresses
zookeeper-server,org.apache.zookeeper.server.quorum.QuorumPeerMainMultiAddressTest,shouldStartClusterWhenSomeAddressesAreUnreachable_IPv6
zookeeper-server,org.apache.zookeeper.server.quorum.QuorumPeerMainMultiAddressTest,shouldStartClusterWithMultipleAddresses
zookeeper-server,org.apache.zookeeper.test.ClientRetryTest,testClientRetry
zookeeper-server,org.apache.zookeeper.test.WatchEventWhenAutoResetTest,testNodeDataChanged
zookeeper-server,org.apache.zookeeper.test.WatchEventWhenAutoResetTest,testNodeCreated
zookeeper-server,org.apache.zookeeper.test.WatchEventWhenAutoResetTest,testNodeDeleted
zookeeper-server,org.apache.zookeeper.test.WatchEventWhenAutoResetTest,testNodeChildrenChanged
zookeeper-server,org.apache.zookeeper.test.QuorumZxidSyncTest,testBehindLeader
zookeeper-server,org.apache.zookeeper.test.QuorumZxidSyncTest,testLateLogs
zookeeper-server,org.apache.zookeeper.RemoveWatchesTest,testRemoveAllNoWatcherException
zookeeper-server,org.apache.zookeeper.RemoveWatchesTest,testRemoveAllDataWatchesOnAPath
zookeeper-server,org.apache.zookeeper.RemoveWatchesTest,testRemoveAllWatchesOnAPath
zookeeper-server,org.apache.zookeeper.RemoveWatchesTest,testNoWatcherServerException
zookeeper-server,org.apache.zookeeper.RemoveWatchesTest,testRemoveAnyDataWatcher
zookeeper-server,org.apache.zookeeper.RemoveWatchesTest,testManyWatchersWhenNoConnection
zookeeper-server,org.apache.zookeeper.RemoveWatchesTest,testRemoveWhenMultipleDataWatchesOnAPath
zookeeper-server,org.apache.zookeeper.RemoveWatchesTest,testChRootRemoveWatcher
zookeeper-server,org.apache.zookeeper.RemoveWatchesTest,testManyDataWatchers
zookeeper-server,org.apache.zookeeper.RemoveWatchesTest,testMultipleChildWatchers
zookeeper-server,org.apache.zookeeper.RemoveWatchesTest,testNoWatcherException
zookeeper-server,org.apache.zookeeper.RemoveWatchesTest,testRemoveWatcherWhenNoConnection
zookeeper-server,org.apache.zookeeper.RemoveWatchesTest,testRemoveAllWatchers
zookeeper-server,org.apache.zookeeper.RemoveWatchesTest,testRemoveAnyChildWatcher
zookeeper-server,org.apache.zookeeper.RemoveWatchesTest,testMultipleDataWatchers
zookeeper-server,org.apache.zookeeper.RemoveWatchesTest,testRemoveAllChildWatchers
zookeeper-server,org.apache.zookeeper.RemoveWatchesTest,testManyPreNodeWatchers
zookeeper-server,org.apache.zookeeper.RemoveWatchesTest,testRemoveWhenMultipleChildWatchesOnAPath
zookeeper-server,org.apache.zookeeper.RemoveWatchesTest,testNullWatcherReference
zookeeper-server,org.apache.zookeeper.RemoveWatchesTest,testRemoveSingleWatcher
zookeeper-server,org.apache.zookeeper.RemoveWatchesTest,testRemoveAllDataWatchers
zookeeper-server,org.apache.zookeeper.RemoveWatchesTest,testRemoveAllChildWatchesOnAPath
zookeeper-server,org.apache.zookeeper.RemoveWatchesTest,testManyChildWatchers
zookeeper-server,org.apache.zookeeper.test.LocalSessionsOnlyTest,testLocalSessionsOnLeader
zookeeper-server,org.apache.zookeeper.test.LocalSessionsOnlyTest,testLocalSessionsOnFollower
zookeeper-server,org.apache.zookeeper.server.quorum.auth.QuorumAuthUpgradeTest,testAuthLearnerAgainstNoAuthRequiredServer
zookeeper-server,org.apache.zookeeper.server.quorum.auth.QuorumAuthUpgradeTest,testAuthLearnerAgainstNullAuthServer
zookeeper-server,org.apache.zookeeper.server.quorum.auth.QuorumAuthUpgradeTest,testAuthLearnerServer
zookeeper-server,org.apache.zookeeper.server.quorum.auth.QuorumAuthUpgradeTest,testNullAuthLearnerServer
zookeeper-server,org.apache.zookeeper.server.quorum.auth.QuorumAuthUpgradeTest,testRollingUpgrade
zookeeper-server,org.apache.zookeeper.server.quorum.ReconfigRollingRestartCompatibilityTest,testRollingRestartWithExtendedMembershipConfig
zookeeper-server,org.apache.zookeeper.server.quorum.ReconfigRollingRestartCompatibilityTest,testNoLocalDynamicConfigAndBackupFiles
zookeeper-server,org.apache.zookeeper.server.quorum.ReconfigRollingRestartCompatibilityTest,testRollingRestartWithHostAddedAndRemoved
zookeeper-server,org.apache.zookeeper.server.quorum.ReconfigRollingRestartCompatibilityTest,testRollingRestartWithoutMembershipChange
zookeeper-server,org.apache.zookeeper.server.quorum.ReconfigRollingRestartCompatibilityTest,testExtendingQuorumWithNewMembers
zookeeper-server,org.apache.zookeeper.test.SessionInvalidationTest,testCreateAfterCloseShouldFail
zookeeper-server,org.apache.zookeeper.GetAllChildrenNumberTest,testGetAllChildrenNumberAsync
zookeeper-server,org.apache.zookeeper.GetAllChildrenNumberTest,testGetAllChildrenNumberSync
zookeeper-server,org.apache.zookeeper.ZKUtilTest,testValidateFileInputDirectory
zookeeper-server,org.apache.zookeeper.ZKUtilTest,testValidateFileInputNotExist
zookeeper-server,org.apache.zookeeper.ZKUtilTest,testUnreadableFileInput
zookeeper-server,org.apache.zookeeper.ZKUtilTest,testValidateFileInput
zookeeper-server,org.apache.zookeeper.ZKUtilTest,testDeleteRecursiveInAsyncMode
zookeeper-server,org.apache.zookeeper.ZKUtilTest,testListNoneRootPathSuccess
zookeeper-server,org.apache.zookeeper.ZKUtilTest,testListRootPathSuccess
zookeeper-server,org.apache.zookeeper.ZKUtilTest,testDeleteRecursiveInSyncMode
zookeeper-server,org.apache.zookeeper.server.InvalidSnapshotTest,testInvalidSnapshot
zookeeper-server,org.apache.zookeeper.server.ZooKeeperServerMainTest,testJMXRegistrationWithNIO
zookeeper-server,org.apache.zookeeper.server.ZooKeeperServerMainTest,testWithMinSessionTimeoutGreaterThanMaxSessionTimeout
zookeeper-server,org.apache.zookeeper.server.ZooKeeperServerMainTest,testMinMaxSessionTimeOut
zookeeper-server,org.apache.zookeeper.server.ZooKeeperServerMainTest,testMetricsProviderConfiguration
zookeeper-server,org.apache.zookeeper.server.ZooKeeperServerMainTest,testFaultyMetricsProviderOnConfigure
zookeeper-server,org.apache.zookeeper.server.ZooKeeperServerMainTest,testReadOnlySnapshotDir
zookeeper-server,org.apache.zookeeper.server.ZooKeeperServerMainTest,testMetricsProviderLifecycle
zookeeper-server,org.apache.zookeeper.server.ZooKeeperServerMainTest,testReadOnlyTxnLogDir
zookeeper-server,org.apache.zookeeper.server.ZooKeeperServerMainTest,testFaultyMetricsProviderOnStop
zookeeper-server,org.apache.zookeeper.server.ZooKeeperServerMainTest,testWithOnlyMinSessionTimeout
zookeeper-server,org.apache.zookeeper.server.ZooKeeperServerMainTest,testJMXRegistrationWithNetty
zookeeper-server,org.apache.zookeeper.server.ZooKeeperServerMainTest,testNonRecoverableError
zookeeper-server,org.apache.zookeeper.server.ZooKeeperServerMainTest,testInvalidMetricsProvider
zookeeper-server,org.apache.zookeeper.server.ZooKeeperServerMainTest,testStandalone
zookeeper-server,org.apache.zookeeper.server.ZooKeeperServerMainTest,testFaultyMetricsProviderOnStart
zookeeper-server,org.apache.zookeeper.test.GetProposalFromTxnTest,testGetProposalFromTxn
zookeeper-server,org.apache.zookeeper.server.quorum.UnifiedServerSocketTest,testTLSDetectionNonBlockingStrictServerIdleClient
zookeeper-server,org.apache.zookeeper.server.quorum.UnifiedServerSocketTest,testConnectWithoutSSLToStrictServer
zookeeper-server,org.apache.zookeeper.server.quorum.UnifiedServerSocketTest,testConnectWithSSLToStrictServer
zookeeper-server,org.apache.zookeeper.server.quorum.UnifiedServerSocketTest,testTLSDetectionNonBlockingNonStrictServerIdleClient
zookeeper-server,org.apache.zookeeper.server.quorum.UnifiedServerSocketTest,testTLSDetectionNonBlockingStrictServerDisconnectedClient
zookeeper-server,org.apache.zookeeper.server.quorum.UnifiedServerSocketTest,testConnectWithoutSSLToNonStrictServerPartialWrite
zookeeper-server,org.apache.zookeeper.server.quorum.UnifiedServerSocketTest,testConnectWithoutSSLToNonStrictServer
zookeeper-server,org.apache.zookeeper.server.quorum.UnifiedServerSocketTest,testTLSDetectionNonBlockingNonStrictServerDisconnectedClient
zookeeper-server,org.apache.zookeeper.server.quorum.UnifiedServerSocketTest,testConnectWithSSLToNonStrictServer
zookeeper-server,org.apache.zookeeper.test.HierarchicalQuorumTest,testHierarchicalQuorum
zookeeper-server,org.apache.zookeeper.test.FourLetterWordsTest,testValidateConsOutput
zookeeper-server,org.apache.zookeeper.test.FourLetterWordsTest,testValidateSocketTimeout
zookeeper-server,org.apache.zookeeper.test.FourLetterWordsTest,testSetTraceMask
zookeeper-server,org.apache.zookeeper.test.FourLetterWordsTest,testFourLetterWords
zookeeper-server,org.apache.zookeeper.test.FourLetterWordsTest,testValidateStatOutput
zookeeper-server,org.apache.zookeeper.test.PersistentRecursiveWatcherTest,testMultiClient
zookeeper-server,org.apache.zookeeper.test.PersistentRecursiveWatcherTest,testBasic
zookeeper-server,org.apache.zookeeper.test.PersistentRecursiveWatcherTest,testBasicAsync
zookeeper-server,org.apache.zookeeper.test.PersistentRecursiveWatcherTest,testRemoval
zookeeper-server,org.apache.zookeeper.test.PersistentRecursiveWatcherTest,testRootWatcher
zookeeper-server,org.apache.zookeeper.test.PersistentRecursiveWatcherTest,testDisconnect
zookeeper-server,org.apache.zookeeper.test.NonRecoverableErrorTest,testZooKeeperServiceAvailableOnLeader
zookeeper-server,org.apache.zookeeper.server.quorum.QuorumDigestTest,testDigestMatchesDuringSnapSync
zookeeper-server,org.apache.zookeeper.server.quorum.QuorumDigestTest,testDigestMatchesDuringDiffSync
zookeeper-server,org.apache.zookeeper.server.quorum.QuorumDigestTest,testDigestMatchesWithAsyncRequests
zookeeper-server,org.apache.zookeeper.server.quorum.QuorumDigestTest,testDigestMismatchesWhenTxnLost
zookeeper-server,org.apache.zookeeper.server.PurgeTxnTest,testPurgeTxnLogWhenRecentSnapshotsAreAllInvalid
zookeeper-server,org.apache.zookeeper.server.PurgeTxnTest,testSnapFilesGreaterThanToRetain
zookeeper-server,org.apache.zookeeper.server.PurgeTxnTest,testPurgeTxnLogWithDataDir
zookeeper-server,org.apache.zookeeper.server.PurgeTxnTest,testFindNValidSnapshots
zookeeper-server,org.apache.zookeeper.server.PurgeTxnTest,testSnapFilesEqualsToRetain
zookeeper-server,org.apache.zookeeper.server.PurgeTxnTest,testPurgeTxnLogWithoutDataDir
zookeeper-server,org.apache.zookeeper.server.PurgeTxnTest,testPurgeWhenLogRollingInProgress
zookeeper-server,org.apache.zookeeper.server.PurgeTxnTest,testPurge
zookeeper-server,org.apache.zookeeper.server.PurgeTxnTest,testPurgeDoesNotDeleteOverlappingLogFile
zookeeper-server,org.apache.zookeeper.server.PurgeTxnTest,testSnapFilesEqualsToRetainWithPrecedingLog
zookeeper-server,org.apache.zookeeper.server.PurgeTxnTest,testSnapFilesLessThanToRetain
zookeeper-server,org.apache.zookeeper.server.quorum.QuorumSSLTest,testCertificateRevocationList
zookeeper-server,org.apache.zookeeper.server.quorum.QuorumSSLTest,testCipherSuites
zookeeper-server,org.apache.zookeeper.server.quorum.QuorumSSLTest,testHostnameVerificationWithInvalidIpAddressAndValidHostname
zookeeper-server,org.apache.zookeeper.server.quorum.QuorumSSLTest,testQuorumSSLWithMultipleAddresses
zookeeper-server,org.apache.zookeeper.server.quorum.QuorumSSLTest,testHostnameVerificationWithInvalidIpAddressAndInvalidHostname
zookeeper-server,org.apache.zookeeper.server.quorum.QuorumSSLTest,testHostnameVerificationWithInvalidIPAddress
zookeeper-server,org.apache.zookeeper.server.quorum.QuorumSSLTest,testQuorumSSL
zookeeper-server,org.apache.zookeeper.server.quorum.QuorumSSLTest,testQuorumSSL_withPasswordFromFile
zookeeper-server,org.apache.zookeeper.server.quorum.QuorumSSLTest,testHostnameVerificationForInvalidMultiAddressServerConfig
zookeeper-server,org.apache.zookeeper.server.quorum.QuorumSSLTest,testHostnameVerificationWithValidIpAddressAndInvalidHostname
zookeeper-server,org.apache.zookeeper.server.quorum.QuorumSSLTest,testProtocolVersion
zookeeper-server,org.apache.zookeeper.server.quorum.QuorumSSLTest,testOCSP
zookeeper-server,org.apache.zookeeper.server.quorum.QuorumSSLTest,testHostnameVerificationWithInvalidHostname
zookeeper-server,org.apache.zookeeper.server.quorum.QuorumSSLTest,testRollingUpgrade
zookeeper-server,org.apache.zookeeper.test.ACLCountTest,testAclCount
zookeeper-server,org.apache.zookeeper.client.ZKClientConfigTest,testIntegerRetrievalFromHexadecimalProperty
zookeeper-server,org.apache.zookeeper.client.ZKClientConfigTest,testReadConfigurationFile
zookeeper-server,org.apache.zookeeper.client.ZKClientConfigTest,testSystemPropertyValue
zookeeper-server,org.apache.zookeeper.client.ZKClientConfigTest,testIntegerRetrievalFromProperty
zookeeper-server,org.apache.zookeeper.client.ZKClientConfigTest,testDefaultConfiguration
zookeeper-server,org.apache.zookeeper.client.ZKClientConfigTest,testSetConfiguration
zookeeper-server,org.apache.zookeeper.test.SaslAuthDesignatedClientTest,testReadAccessUser
zookeeper-server,org.apache.zookeeper.test.SaslAuthDesignatedClientTest,testAuth
zookeeper-server,org.apache.zookeeper.test.SaslAuthDesignatedClientTest,testSaslConfig
zookeeper-server,org.apache.zookeeper.test.TruncateTest,testTruncationNullLog
zookeeper-server,org.apache.zookeeper.test.TruncateTest,testTruncate
zookeeper-server,org.apache.zookeeper.test.TruncateTest,testTruncationStreamReset
zookeeper-server,org.apache.zookeeper.ClientReconnectTest,testClientReconnect
zookeeper-server,org.apache.zookeeper.server.ServerIdTest,doTest
zookeeper-server,org.apache.zookeeper.test.ResponseCacheTest,testResponseCache
zookeeper-server,org.apache.zookeeper.server.util.AuthUtilTest,testGetUserShouldReturnNullIfAuthenticationNotConfigured
zookeeper-server,org.apache.zookeeper.server.NettyServerCnxnFactoryTest,testRebindIPv4IPv6
zookeeper-server,org.apache.zookeeper.server.NettyServerCnxnFactoryTest,testRebind
zookeeper-server,org.apache.zookeeper.server.NettyServerCnxnFactoryTest,testOutstandingHandshakeLimit
zookeeper-server,org.apache.zookeeper.ClientCnxnSocketFragilityTest,testClientCnxnSocketFragility
zookeeper-server,org.apache.zookeeper.audit.Slf4JAuditLoggerTest,testDeleteAuditLogs
zookeeper-server,org.apache.zookeeper.audit.Slf4JAuditLoggerTest,testMultiOperationAuditLogs
zookeeper-server,org.apache.zookeeper.audit.Slf4JAuditLoggerTest,testCreateAuditLogs
zookeeper-server,org.apache.zookeeper.audit.Slf4JAuditLoggerTest,testEphemralZNodeAuditLogs
zookeeper-server,org.apache.zookeeper.audit.Slf4JAuditLoggerTest,testSetDataAuditLogs
zookeeper-server,org.apache.zookeeper.audit.Slf4JAuditLoggerTest,testSetACLAuditLogs
zookeeper-server,org.apache.zookeeper.server.quorum.auth.QuorumDigestAuthTest,testEnableQuorumServerRequireSaslWithoutQuorumLearnerRequireSasl
zookeeper-server,org.apache.zookeeper.server.quorum.auth.QuorumDigestAuthTest,testSaslRequiredInvalidCredentials
zookeeper-server,org.apache.zookeeper.server.quorum.auth.QuorumDigestAuthTest,testEnableQuorumAuthenticationConfigurations
zookeeper-server,org.apache.zookeeper.server.quorum.auth.QuorumDigestAuthTest,testSaslNotRequiredWithInvalidCredentials
zookeeper-server,org.apache.zookeeper.server.quorum.auth.QuorumDigestAuthTest,testValidCredentialsWithMultiAddresses
zookeeper-server,org.apache.zookeeper.server.quorum.auth.QuorumDigestAuthTest,testValidCredentials
zookeeper-server,org.apache.zookeeper.test.AsyncOpsTest,testAsyncGetDataFailure_NoNode
zookeeper-server,org.apache.zookeeper.test.AsyncOpsTest,testAsyncMultiSequential_NoSideEffect
zookeeper-server,org.apache.zookeeper.test.AsyncOpsTest,testAsyncCreateFailure_NodeExists
zookeeper-server,org.apache.zookeeper.test.AsyncOpsTest,testAsyncCreate2Failure_NoChildForEphemeral
zookeeper-server,org.apache.zookeeper.test.AsyncOpsTest,testAsyncCreate
zookeeper-server,org.apache.zookeeper.test.AsyncOpsTest,testAsyncGetACLFailure_NoNode
zookeeper-server,org.apache.zookeeper.test.AsyncOpsTest,testAsyncMultiFailure_NoSideEffect
zookeeper-server,org.apache.zookeeper.test.AsyncOpsTest,testAsyncCreateFailure_NoNode
zookeeper-server,org.apache.zookeeper.test.AsyncOpsTest,testAsyncGetChildrenFailure_NoNode
zookeeper-server,org.apache.zookeeper.test.AsyncOpsTest,testAsyncGetData
zookeeper-server,org.apache.zookeeper.test.AsyncOpsTest,testAsyncCreateThree
zookeeper-server,org.apache.zookeeper.test.AsyncOpsTest,testAsyncSync
zookeeper-server,org.apache.zookeeper.test.AsyncOpsTest,testAsyncGetChildren2Empty
zookeeper-server,org.apache.zookeeper.test.AsyncOpsTest,testAsyncGetChildrenTwo
zookeeper-server,org.apache.zookeeper.test.AsyncOpsTest,testAsyncDeleteFailure_NotEmpty
zookeeper-server,org.apache.zookeeper.test.AsyncOpsTest,testAsyncExistsFailure_NoNode
zookeeper-server,org.apache.zookeeper.test.AsyncOpsTest,testAsyncGetChildrenEmpty
zookeeper-server,org.apache.zookeeper.test.AsyncOpsTest,testAsyncSetDataFailure_BadVersion
zookeeper-server,org.apache.zookeeper.test.AsyncOpsTest,testAsyncCreate2Failure_NodeExists
zookeeper-server,org.apache.zookeeper.test.AsyncOpsTest,testAsyncMulti
zookeeper-server,org.apache.zookeeper.test.AsyncOpsTest,testAsyncCreateFailure_NoChildForEphemeral
zookeeper-server,org.apache.zookeeper.test.AsyncOpsTest,testAsyncSetDataFailure_NoNode
zookeeper-server,org.apache.zookeeper.test.AsyncOpsTest,testAsyncCreate2Failure_NoNode
zookeeper-server,org.apache.zookeeper.test.AsyncOpsTest,testAsyncMultiFailure_AllErrorResult
zookeeper-server,org.apache.zookeeper.test.AsyncOpsTest,testAsyncGetChildren2Two
zookeeper-server,org.apache.zookeeper.test.AsyncOpsTest,testAsyncGetACL
zookeeper-server,org.apache.zookeeper.test.AsyncOpsTest,testAsyncSetACL
zookeeper-server,org.apache.zookeeper.test.AsyncOpsTest,testAsyncGetChildren2Failure_NoNode
zookeeper-server,org.apache.zookeeper.test.AsyncOpsTest,testAsyncExists
zookeeper-server,org.apache.zookeeper.test.AsyncOpsTest,testAsyncSetData
zookeeper-server,org.apache.zookeeper.test.AsyncOpsTest,testAsyncSetACLFailure_NoNode
zookeeper-server,org.apache.zookeeper.test.AsyncOpsTest,testAsyncCreate2
zookeeper-server,org.apache.zookeeper.test.AsyncOpsTest,testAsyncDeleteFailure_BadVersion
zookeeper-server,org.apache.zookeeper.test.AsyncOpsTest,testAsyncDeleteFailure_NoNode
zookeeper-server,org.apache.zookeeper.test.AsyncOpsTest,testAsyncGetChildrenSingle
zookeeper-server,org.apache.zookeeper.test.AsyncOpsTest,testAsyncDelete
zookeeper-server,org.apache.zookeeper.test.AsyncOpsTest,testAsyncGetChildren2Single
zookeeper-server,org.apache.zookeeper.test.AsyncOpsTest,testAsyncSetACLFailure_BadVersion
zookeeper-server,org.apache.zookeeper.server.RequestThrottlerTest,testGlobalOutstandingRequestThrottlingWithRequestThrottlerDisabled
zookeeper-server,org.apache.zookeeper.server.RequestThrottlerTest,testDropStaleRequests
zookeeper-server,org.apache.zookeeper.server.RequestThrottlerTest,testRequestThrottler
zookeeper-server,org.apache.zookeeper.server.RequestThrottlerTest,testLargeRequestThrottling
zookeeper-server,org.apache.zookeeper.test.ChrootClientTest,testLargeNodeData
zookeeper-server,org.apache.zookeeper.test.ChrootClientTest,testDeleteWithChildren
zookeeper-server,org.apache.zookeeper.test.ChrootClientTest,testTryWithResources
zookeeper-server,org.apache.zookeeper.test.ChrootClientTest,testClientWithWatcherObj
zookeeper-server,org.apache.zookeeper.test.ChrootClientTest,testACLs
zookeeper-server,org.apache.zookeeper.test.ChrootClientTest,testClientCleanup
zookeeper-server,org.apache.zookeeper.test.ChrootClientTest,testPing
zookeeper-server,org.apache.zookeeper.test.ChrootClientTest,testClientwithoutWatcherObj
zookeeper-server,org.apache.zookeeper.test.ChrootClientTest,testTestability
zookeeper-server,org.apache.zookeeper.test.ChrootClientTest,testSequentialNodeData
zookeeper-server,org.apache.zookeeper.test.ChrootClientTest,testNonExistingOpCode
zookeeper-server,org.apache.zookeeper.test.ChrootClientTest,testMutipleWatcherObjs
zookeeper-server,org.apache.zookeeper.test.ChrootClientTest,testNullAuthId
zookeeper-server,org.apache.zookeeper.test.ChrootClientTest,testPathValidation
zookeeper-server,org.apache.zookeeper.test.ChrootClientTest,testCXidRollover
zookeeper-server,org.apache.zookeeper.test.ChrootClientTest,testSequentialNodeNames
zookeeper-server,org.apache.zookeeper.test.UnsupportedAddWatcherTest,testBehavior
zookeeper-server,org.apache.zookeeper.server.Emulate353TTLTest,testCreate
zookeeper-server,org.apache.zookeeper.server.Emulate353TTLTest,test353TTL
zookeeper-server,org.apache.zookeeper.server.Emulate353TTLTest,testEphemeralOwner_emulationTTL
zookeeper-server,org.apache.zookeeper.server.Emulate353TTLTest,testEphemeralOwner_emulationContainer
zookeeper-server,org.apache.zookeeper.test.AuthSHA3Test,testSuperACL
zookeeper-server,org.apache.zookeeper.test.AuthSHA3Test,testOrdinaryACL
zookeeper-server,org.apache.zookeeper.test.AuthSHA3Test,testBadAuthThenSendOtherCommands
zookeeper-server,org.apache.zookeeper.test.AuthSHA3Test,testDigest
zookeeper-server,org.apache.zookeeper.test.AuthSHA3Test,testBadAuthNotifiesWatch
zookeeper-server,org.apache.zookeeper.test.AuthSHA3Test,testGenerateDigest
zookeeper-server,org.apache.zookeeper.test.AuthSHA3Test,testSuper
zookeeper-server,org.apache.zookeeper.test.FourLetterWordsWhiteListTest,testFourLetterWordsEnableSomeCommands
zookeeper-server,org.apache.zookeeper.test.FourLetterWordsWhiteListTest,testFourLetterWordsAllDisabledByDefault
zookeeper-server,org.apache.zookeeper.test.FourLetterWordsWhiteListTest,testISROEnabledWhenReadOnlyModeEnabled
zookeeper-server,org.apache.zookeeper.test.FourLetterWordsWhiteListTest,testFourLetterWordsEnableAllCommandsThroughExplicitList
zookeeper-server,org.apache.zookeeper.test.FourLetterWordsWhiteListTest,testFourLetterWordsInvalidConfiguration
zookeeper-server,org.apache.zookeeper.test.FourLetterWordsWhiteListTest,testFourLetterWordsEnableAllCommandsThroughAsterisk
zookeeper-server,org.apache.zookeeper.server.ClientSSLReloadTest,certficateReloadTest
zookeeper-server,org.apache.zookeeper.test.SessionUpgradeTest,testUpgradeWithEphemeralOnLeader
zookeeper-server,org.apache.zookeeper.test.SessionUpgradeTest,testLocalSessionsWithoutEphemeralOnFollower
zookeeper-server,org.apache.zookeeper.test.SessionUpgradeTest,testUpgradeWithEphemeralOnFollower
zookeeper-server,org.apache.zookeeper.test.SessionUpgradeTest,testLocalSessionsWithoutEphemeralOnLeader
zookeeper-server,org.apache.zookeeper.server.quorum.QuorumPeerMainTest,testElectionFraud
zookeeper-server,org.apache.zookeeper.server.quorum.QuorumPeerMainTest,testLeaderOutOfView
zookeeper-server,org.apache.zookeeper.server.quorum.QuorumPeerMainTest,testInconsistentDueToNewLeaderOrder
zookeeper-server,org.apache.zookeeper.server.quorum.QuorumPeerMainTest,testLeaderElectionWithDisloyalVoter
zookeeper-server,org.apache.zookeeper.server.quorum.QuorumPeerMainTest,testQuorumDefaults
zookeeper-server,org.apache.zookeeper.server.quorum.QuorumPeerMainTest,testQuorum
zookeeper-server,org.apache.zookeeper.server.quorum.QuorumPeerMainTest,testBadPeerAddressInQuorum
zookeeper-server,org.apache.zookeeper.server.quorum.QuorumPeerMainTest,testDiffSyncAfterSnap
zookeeper-server,org.apache.zookeeper.server.quorum.QuorumPeerMainTest,testInconsistentPeerType
zookeeper-server,org.apache.zookeeper.server.quorum.QuorumPeerMainTest,testHighestZxidJoinLate
zookeeper-server,org.apache.zookeeper.server.quorum.QuorumPeerMainTest,testMetricsProviderConfiguration
zookeeper-server,org.apache.zookeeper.server.quorum.QuorumPeerMainTest,testFaultyMetricsProviderOnConfigure
zookeeper-server,org.apache.zookeeper.server.quorum.QuorumPeerMainTest,testQuorumV6
zookeeper-server,org.apache.zookeeper.server.quorum.QuorumPeerMainTest,testLeaderElectionWithDisloyalVoter_stillHasMajority
zookeeper-server,org.apache.zookeeper.server.quorum.QuorumPeerMainTest,testWithOnlyMinSessionTimeout
zookeeper-server,org.apache.zookeeper.server.quorum.QuorumPeerMainTest,testEarlyLeaderAbandonment
zookeeper-server,org.apache.zookeeper.server.quorum.QuorumPeerMainTest,testBadPackets
zookeeper-server,org.apache.zookeeper.server.quorum.QuorumPeerMainTest,testDataDirAndDataLogDir
zookeeper-server,org.apache.zookeeper.server.quorum.QuorumPeerMainTest,testMinMaxSessionTimeOut
zookeeper-server,org.apache.zookeeper.server.quorum.QuorumPeerMainTest,testLearnerRequestForwardBehavior
zookeeper-server,org.apache.zookeeper.server.quorum.QuorumPeerMainTest,testMetricsProviderLifecycle
zookeeper-server,org.apache.zookeeper.server.quorum.QuorumPeerMainTest,testFaultyMetricsProviderOnStop
zookeeper-server,org.apache.zookeeper.server.quorum.QuorumPeerMainTest,testFailedTxnAsPartOfQuorumLoss
zookeeper-server,org.apache.zookeeper.server.quorum.QuorumPeerMainTest,testInvalidMetricsProvider
zookeeper-server,org.apache.zookeeper.server.quorum.QuorumPeerMainTest,testQuorumPeerExitTime
zookeeper-server,org.apache.zookeeper.server.quorum.QuorumPeerMainTest,testFaultyMetricsProviderOnStart
zookeeper-server,org.apache.zookeeper.server.X509AuthFailureTest,testSecureStandaloneServerAuthNFailure
zookeeper-server,org.apache.zookeeper.server.quorum.EagerACLFilterTest,testSetDataOK
zookeeper-server,org.apache.zookeeper.server.quorum.EagerACLFilterTest,testBadACL
zookeeper-server,org.apache.zookeeper.server.quorum.EagerACLFilterTest,testCreateFail
zookeeper-server,org.apache.zookeeper.server.quorum.EagerACLFilterTest,testCreate2Fail
zookeeper-server,org.apache.zookeeper.server.quorum.EagerACLFilterTest,testDeleteOK
zookeeper-server,org.apache.zookeeper.server.quorum.EagerACLFilterTest,testSetDataFail
zookeeper-server,org.apache.zookeeper.server.quorum.EagerACLFilterTest,testCreateOK
zookeeper-server,org.apache.zookeeper.server.quorum.EagerACLFilterTest,testSetACLOK
zookeeper-server,org.apache.zookeeper.server.quorum.EagerACLFilterTest,testDeleteFail
zookeeper-server,org.apache.zookeeper.server.quorum.EagerACLFilterTest,testSetACLFail
zookeeper-server,org.apache.zookeeper.server.quorum.EagerACLFilterTest,testCreate2OK
zookeeper-server,org.apache.zookeeper.server.quorum.ReconfigBackupTest,testReconfigCreateNewVersionFile
zookeeper-server,org.apache.zookeeper.server.quorum.ReconfigBackupTest,testVersionOfDynamicFilename
zookeeper-server,org.apache.zookeeper.server.quorum.ReconfigBackupTest,testBackupStatic
zookeeper-server,org.apache.zookeeper.test.QuorumQuotaTest,testQuotaWithQuorum
zookeeper-server,org.apache.zookeeper.test.NullDataTest,testNullData
zookeeper-server,org.apache.zookeeper.server.quorum.UnifiedServerSocketModeDetectionTest,testSetSendBufferSize
zookeeper-server,org.apache.zookeeper.server.quorum.UnifiedServerSocketModeDetectionTest,testSetKeepAlive
zookeeper-server,org.apache.zookeeper.server.quorum.UnifiedServerSocketModeDetectionTest,testSetSoLinger
zookeeper-server,org.apache.zookeeper.server.quorum.UnifiedServerSocketModeDetectionTest,testGetOutputStream
zookeeper-server,org.apache.zookeeper.server.quorum.UnifiedServerSocketModeDetectionTest,testGetLocalPort
zookeeper-server,org.apache.zookeeper.server.quorum.UnifiedServerSocketModeDetectionTest,testGetLocalSocketAddress
zookeeper-server,org.apache.zookeeper.server.quorum.UnifiedServerSocketModeDetectionTest,testIsOutputShutdown
zookeeper-server,org.apache.zookeeper.server.quorum.UnifiedServerSocketModeDetectionTest,testClose
zookeeper-server,org.apache.zookeeper.server.quorum.UnifiedServerSocketModeDetectionTest,testGetSendBufferSize
zookeeper-server,org.apache.zookeeper.server.quorum.UnifiedServerSocketModeDetectionTest,testSetTcpNoDelay
zookeeper-server,org.apache.zookeeper.server.quorum.UnifiedServerSocketModeDetectionTest,testSetReceiveBufferSize
zookeeper-server,org.apache.zookeeper.server.quorum.UnifiedServerSocketModeDetectionTest,testGetTcpNoDelay
zookeeper-server,org.apache.zookeeper.server.quorum.UnifiedServerSocketModeDetectionTest,testSetTrafficClass
zookeeper-server,org.apache.zookeeper.server.quorum.UnifiedServerSocketModeDetectionTest,testIsClosed
zookeeper-server,org.apache.zookeeper.server.quorum.UnifiedServerSocketModeDetectionTest,testGetReceiveBufferSize
zookeeper-server,org.apache.zookeeper.server.quorum.UnifiedServerSocketModeDetectionTest,testGetTrafficClass
zookeeper-server,org.apache.zookeeper.server.quorum.UnifiedServerSocketModeDetectionTest,testGetSoLinger
zookeeper-server,org.apache.zookeeper.server.quorum.UnifiedServerSocketModeDetectionTest,testGetPort
zookeeper-server,org.apache.zookeeper.server.quorum.UnifiedServerSocketModeDetectionTest,testShutdownInput
zookeeper-server,org.apache.zookeeper.server.quorum.UnifiedServerSocketModeDetectionTest,testGetInetAddress
zookeeper-server,org.apache.zookeeper.server.quorum.UnifiedServerSocketModeDetectionTest,testGetLocalAddress
zookeeper-server,org.apache.zookeeper.server.quorum.UnifiedServerSocketModeDetectionTest,testShutdownOutput
zookeeper-server,org.apache.zookeeper.server.quorum.UnifiedServerSocketModeDetectionTest,testSetReuseAddress
zookeeper-server,org.apache.zookeeper.server.quorum.UnifiedServerSocketModeDetectionTest,testIsConnected
zookeeper-server,org.apache.zookeeper.server.quorum.UnifiedServerSocketModeDetectionTest,testGetReuseAddress
zookeeper-server,org.apache.zookeeper.server.quorum.UnifiedServerSocketModeDetectionTest,testGetRemoteSocketAddress
zookeeper-server,org.apache.zookeeper.server.quorum.UnifiedServerSocketModeDetectionTest,testIsInputShutdown
zookeeper-server,org.apache.zookeeper.server.quorum.UnifiedServerSocketModeDetectionTest,testSetSoTimeout
zookeeper-server,org.apache.zookeeper.server.quorum.UnifiedServerSocketModeDetectionTest,testGetInputStream
zookeeper-server,org.apache.zookeeper.server.quorum.UnifiedServerSocketModeDetectionTest,testGetSoTimeout
zookeeper-server,org.apache.zookeeper.server.quorum.UnifiedServerSocketModeDetectionTest,testGetKeepAlive
zookeeper-server,org.apache.zookeeper.server.quorum.UnifiedServerSocketModeDetectionTest,testIsBound
zookeeper-server,org.apache.zookeeper.server.quorum.LeaderMetricsTest,testLeaderMetrics
